Name,Country,Years active,Proven victims,Possible victims,Notes,Countries_active,Countries_num,Proven_victims,Possible_victims,Start_year,Finish_year,Active_years
Charlie Brandt,United States,1971 to 2004,4,29,"Committed suicide by hanging after murdering his wife and niece. The latter was also decapitated and eviscerated in a manner strongly similar to 26 unsolved murders of women in Florida, starting in 1973, the year Brandt moved to the state. Brandt was later considered the culprit in one of these murders, due to his strong resemblance to a suspect who was filmed by a traffic camera near the place where one body was found. He could not be officially tied to the other crimes due to lack of evidence. Previously, when he was 13 years old in 1971, he attempted to murder his whole family with a gun, for no apparent reason. His mother (who was pregnant) died in this attack, but his father survived, and his sister escaped.",['United States'],1,4,29.0,1971,2004,33
Robert Black,"United Kingdom
Ireland (suspected)
West Germany (suspected)
Netherlands (suspected)
France (suspected)",1981 to 1986,4,18+,"Convicted of kidnapping, raping and murdering four girls aged between five and 11. Suspect in other earlier child murders in the UK and other European countries. Died weeks before he was to be charged with a fifth child murder.","['United Kingdom', 'Ireland (suspected)', 'West Germany (suspected)', 'Netherlands (suspected)', 'France (suspected)']",5,4,18.0,1981,1986,5
Max Gufler,Austria,1946 to 1958,4,18,"Poisoned and drowned four women, but suspected of killing 18 in total.",['Austria'],1,4,18.0,1946,1958,12
Ernesto Picchioni,Italy,1949 and earlier,4,16,Murdered people who approached his home; died of cardiac arrest in 1967.,['Italy'],1,4,16.0,Unknown,1949,Unknown
Baekuni,Indonesia,1993 to 2010,4,14,"Pedophile who raped and killed young boys; initially sentenced to life imprisonment, but changed to the death sentence.",['Indonesia'],1,4,14.0,1993,2010,17
Igor Chernat,Soviet Union,1985 to 1986,4,13,"Known as the ""Evil Spirit of Kaukjarvi""; Ukrainian soldier who raped and killed women in Kamenka, selling their stolen items afterwards; executed 1987.",['Soviet Union'],1,4,13.0,1985,1986,1
Ricky Lee Green,United States,1985 to 1986,4,12,Bisexual drifter who killed people he met in bars; his wife assisted in two of the murders; executed in 1997.,['United States'],1,4,12.0,1985,1986,1
Robert Hicks Murray,United Kingdom,1912 and earlier,4,11+,Bigamist who murdered his wife and three children in a murder-suicide; posthumously revealed to have killed previous wives as well.,['United Kingdom'],1,4,11.0,Unknown,1912,Unknown
Dallen Bounds,United States,1999,4,4+,"Murdered a Radio Shack manager, and a florist at their respective places of business. Then murdered two acquaintances before taking two others hostage and committing suicide. Suspected of additional murders in the Pacific Northwest.",['United States'],1,4,4.0,1999,1999,0
Stephen Port,United Kingdom,2014 to 2015,4,4+,"Nicknamed ""The Grindr Killer"", Port met his victims via online gay social networks. He used gamma-Hydroxybutyric acid (GHB), a date rape drug, adding it to drinks given to his victims, raped them, and murdered four of them in his flat in Barking, east London.",['United Kingdom'],1,4,4.0,2014,2015,1
Robert Maudsley,United Kingdom,1974 to 1978,4,4,"Sentenced to life without parole in 1974 for murdering a man who had shown him pictures of young boys he had sexually abused. Subsequently, killed another child sex offender in Broadmoor high-security hospital and two more, including a child sex offender, in prison. Has been held in solitary confinement since 1983.",['United Kingdom'],1,4,4.0,1974,1978,4
Sharon Kinne,United States,1960 to 1964,3,3,Sociopathic serial killer that murdered romantic partners with a handgun. Currently at large since her escape from prison in 1969.,['United States'],1,3,3.0,1960,1964,4
Ted Kaczynski,United States,1978 to 1996,3,3,"Domestic terrorist and serial bomber known as the ‘Unabomber’, Kaczynski was responsible for more than two dozen bombings of universities and one airline bombing from 1978 to 1996, justified by Kaczynski by his philosophy that technological advancements would destroy humanity. Arrested in 1996 due to his brother David recognizing the then unidentified Unabomber's manifesto titled: Industrial Society and Its Future, as the work of Kaczynski. Currently imprisoned at ADX Florence.",['United States'],1,3,3.0,1978,1996,18
Robert Ben Rhoades,United States,1989 to 1990,3,50+,Convicted of murdering three women in Texas and Illinois between 1989 and 1990. Sentenced to life imprisonment.,['United States'],1,3,50.0,1989,1990,1
Peter Tobin,United Kingdom,1991 to 2006,3,48,"Scottish rapist and serial killer known to have killed at least three young women. Also a suspect in the Bible John murders, committed in Glasgow during the late 1960s.",['United Kingdom'],1,3,48.0,1991,2006,15
Pedro Padilla Flores,Mexico,1986,3,30,Killed three women in 1986; fled to the US but recaptured and deported back to Mexico; main suspect in the Ciudad Juárez Murders.,['Mexico'],1,3,30.0,1986,1986,0
Billy Glaze,United States,1986 to 1987,3,20+,"Known as ""Butcher Knife Billy"". Killer convicted of raping and murdering three Native American prostitutes in Minneapolis in 1986 and 1987.",['United States'],1,3,20.0,1986,1987,1
Bertha Gifford,United States,1909 to 1928,3,17,"Found not guilty by reason of insanity of three arsenic poisonings and suspected of 14 other killings, mostly children, in Missouri.",['United States'],1,3,17.0,1909,1928,19
Bernhard Prigan,"Allied-occupied Germany
West Germany",1947 to 1952,3,16,Killed women near highways; confessed to a total of 16 murders.,"['Allied-occupied Germany', 'West Germany']",2,3,16.0,1947,1952,5
Stephen Griffiths,United Kingdom,2009 to 2010,3,14,"Known to have killed three prostitutes, but claims to have killed 14 to beat ""Yorkshire Ripper"" Peter Sutcliffe. Dubbed himself the ""Crossbow Cannibal"" as he killed his victims with a hammer and crossbow and then later ate parts of them.",['United Kingdom'],1,3,14.0,2009,2010,1
Koos Hertogs,Netherlands,1979 to 1980,3,12,"Dutch serial killer convicted of abducting, torturing, raping and killing three girls. Suspected of killing a further three to nine girls and young women in the 1970s.",['Netherlands'],1,3,12.0,1979,1980,1
Chisako Kakehi,Japan,2007 to 2013,3,10,"Poisoned her husband and two other men to death, but suspected in another seven deaths; sentenced to death.",['Japan'],1,3,10.0,2007,2013,6
Dorothea Puente,United States,1982 to 1988,3,9–25,Ran a boarding house in Sacramento where she poisoned tenants and buried them in the yard in order to steal their social security checks.,['United States'],1,3,17.0,1982,1988,6
Patrick Mackay,United Kingdom,1973 to 1975,3,12,"Burglar suspect of 12 violent murders during robberies, charged with five and convicted of three. Bragged that he had killed 11 people. In prison for life.",['United Kingdom'],1,3,12.0,1973,1975,2
Leonarda Cianciulli,Italy,1939 to 1940,3,,"Murdered three women in the town of Correggio, Reggio Emilia, and turned their bodies into soap and cakes.",['Italy'],1,3,,1939,1940,1
Özkan Zengin,Turkey,2008,3,4,Slit the throats of three confirmed victims before dumping the bodies in wells. Reportedly confessed to an additional murder.,['Turkey'],1,3,4.0,2008,2008,0
Albert Fish,United States,1924 to 1932,3,9-100+,American serial killer and child rapist who confessed to three murders for which he was convicted and sentenced to death.,['United States'],1,3,109.0,1924,1932,8
Heriberto Seda,United States,1990 to 1996,3,8+,"Considered to be a copycat of the Zodiac Killer. Claimed to have killed people based on their zodiac signs, and only killed when certain star formations were out.",['United States'],1,3,8.0,1990,1996,6
John Martin,United Kingdom,1995,3,3+,"(Birth name John Martin Scripps, alias Simon James Davis) While on the run after escaping Britain, Martin killed at least three tourists between 8 and 14 March 1995 and robbed them of their possessions and money: one in Singapore and two in Thailand. He also dismembered their bodies and dumped them in various areas, such as the sea or abandoned places. Martin was also alleged to have killed at least three more people in other countries, such as the USA, but these were unconfirmed. He was arrested in Changi Airport when he returned to Singapore on 19 March 1995, and was charged with murder. Martin was found guilty of the one murder he committed in Singapore and thus sentenced to death in November 1995. Martin was executed on 19 April 1996, after he declined to appeal against his sentence.",['United Kingdom'],1,3,3.0,1995,1995,0
Carl Eugene Watts,United States,1974 to 1982,14,80+,"Believed to have killed over 80 women in multiple states, in 1982 Watts accepted a plea bargain in Texas in which he would plead guilty to a lesser charge and be granted immunity from murder charges in exchange for providing information on his victims; as a result he confessed to 12 murders and was sentenced to 60 years in prison on the lesser charge. He was sentenced to life imprisonment in separate trials in Michigan in 2004 and 2007, and died of cancer a week after the 2007 sentence was handed down.",['United States'],1,14,80.0,1974,1982,8
Philipp Tyurin,Soviet Union,1945 to 1946,14,29,"Known as the ""Leningrad Maniac"" and the ""Hellraiser""; murdered people for monetary reasons at his hut in Leningrad; executed 1947.",['Soviet Union'],1,14,29.0,1945,1946,1
Zdzisław Marchwicki,Poland,1964 to 1970,14,21+,"Also known as Vampire of Zagłębie. Killed 14 women in 1964–1970 in Poland's region of Dąbrowa Basin. Zdzisław Marchwicki was most likely the man responsible for the killings; however, his guilt remains in dispute. Executed in 1977.",['Poland'],1,14,21.0,1964,1970,6
Monster of Florence,Italy,1968 to 1985,14,16,"Unidentified killer who shot couples in lovers lanes and mutilated the women, taking their sexual organs and in the last two cases, also their left breast. 69-year-old farmer Pietro Pacciani was controversially convicted of 14 crimes in 1994 and sentenced to life in prison, but he was released following allegations that the scant evidence had been planted in an attempt to close the case, which was by then the largest and most mediatic in Italy's criminal history. Pacciani was scheduled for retrial in 1998 when he died after taking medication contraindicated to his heart problems. Pacciani's two alleged accomplices, Mario Vanni and Giancarlo Lotti, were sentenced to life and 30 years in prison, respectively. Some believe that none of the accused were guilty, and that Lotti incriminated himself and the other two because he was homeless and wanted to live in prison.",['Italy'],1,14,16.0,1968,1985,17
Joachim Kroll,West Germany,1955 to 1976,14,,"Known as the ""Ruhr Cannibal"" and ""The Duisburg Man-Eater""; died from a heart attack in prison in 1991.",['West Germany'],1,14,,1955,1976,21
Arthur Shawcross,United States,1972 to 1989,14,,"Committed arson and burglary, served two years of a five-year sentence. Within a year of his release, he raped and murdered two children in 1972. Under a plea bargain, he was sentenced to 25 years. Released after serving 141/2 years, he began killing again a year later, targeting prostitutes. Known as the ""Genesee River Killer"", ""Genesee River Strangler"", ""Rochester Strangler"", and ""Monster of the Rivers"", he strangled and battered his victims. Sentenced to life without parole. Died of cardiac arrest in 2008.",['United States'],1,14,,1972,1989,17
The Doodler,United States,1974 to 1975,14,,"Unidentified serial killer who sketched then stabbed to death 14 gay men in San Francisco. Surviving victims did not wish to testify, so the killer was not identified.",['United States'],1,14,,1974,1975,1
Marcelo Costa de Andrade,Brazil,1991,14,,Known as The Vampire of Niterói. Raped and killed 14 children in Rio de Janeiro and Niterói. Drank the blood of his victims. Found not guilty by reason of insanity.,['Brazil'],1,14,,1991,1991,0
Julio Pérez Silva,Chile,1998 to 2001,14,,Known as The Psychopath from Alto Hospicio; killed 14 women. Sentenced to life imprisonment in 2004.,['Chile'],1,14,,1998,2001,3
Sergey Shipilov,Russia,1995 to 1999,14,,"Known as the ""Velsk Chikatilo""; killed female hitchhikers in the town of Velsk, most of them while out on prison leave; sentenced to life imprisonment.",['Russia'],1,14,,1995,1999,4
Abdufatto Zamanov,Russia,2002 to 2004,14,,Killed people out of personal hostility; also raped two young girls; sentenced to life imprisonment.,['Russia'],1,14,,2002,2004,2
Jeong Nam-gyu,South Korea,2004 to 2006,14,,"Kidnapped, raped and murdered people; committed suicide.",['South Korea'],1,14,,2004,2006,2
Amir Qayyum,Pakistan,2005,14,,"Known as ""The brick killer"". Killed 14 homeless men with rocks or bricks when they were asleep. Sentenced to death in May 2006.",['Pakistan'],1,14,,2005,2005,0
Jake Bird,United States,1930s to 1947,13,44,Sentenced to death for the murders of two people; confessed to 44 other murders; 11 were substantiated and he was suspected in the others. Executed by hanging in 1949.,['United States'],1,13,44.0,1930,1947,17
Belle Gunness,United States,1900 to 1908,13,40+,"Norwegian-born murder-for-profit killer who murdered her suitors and relatives in Indiana. High possibility of committing over 40 murders. May have faked her own death in the fire that destroyed her home in 1908; her children had died of strychnine poisoning before the fire, and the woman's body found next to them was decapitated and, reportedly, smaller than Gunness' own. Ultimate fate unknown.",['United States'],1,13,40.0,1900,1908,8
Cleveland Torso Murderer,United States,1934 to 1938,13,40+,"Unidentified serial killer, also known as ""The Mad Butcher of Kingsbury Run"", who targeted drifters and derelicts, of whom only two were identified, between 1934 and 1938 in Cleveland, Ohio.",['United States'],1,13,40.0,1934,1938,4
Kaspars Petrovs,Latvia,2003,13,38+,"Confessed to strangling 38 elderly residents of Riga, Latvia, in 2003. Convicted and sentenced to life imprisonment for the robbery and murder of 13.",['Latvia'],1,13,38.0,2003,2003,0
Richard Ramirez,United States,1984 to 1985,13,20,"Killed 13 people between 28 June 1984, and 24 August 1985, in Los Angeles. Known as the ""Night Stalker"". Ramirez was sentenced to death in 1989, and died of B-cell lymphoma in 2013 while still on death row.",['United States'],1,13,20.0,1984,1985,1
Sleepy Hollow Killer,South Africa,1990s to 2007,13,16+,"Raped and murdered women, mostly sex workers, around Pietermaritzburg and the Midlands of KwaZulu-Natal.",['South Africa'],1,13,16.0,1990,2007,17
Peter Sutcliffe,United Kingdom,1975 to 1980,13,15,"Killed 13 women between 30 October 1975, and 17 November 1980. Most victims were killed by a combination of bludgeoning and stabbing, and all but two were killed in the county of Yorkshire. Owing to the modus operandi and location of the murders, Sutcliffe became known as the ""Yorkshire Ripper."" Sentenced to 20 concurrent life sentences. After three years he was sent to a secure psychiatric facility, where he served 25 years before being found ""fit to leave"" in 2009. Government officials and courts ruled in 2010 that he would never be released. In 2015, he was declared ""no longer mentally ill"", and transferred to a maximum security prison.",['United Kingdom'],1,13,15.0,1975,1980,5
Francisco Antonio Laureana,Argentina,1974 to 1975,13,13+,"Raped 15 women in San Isidro, killing 13 of them. Shot and killed during a firefight with police.",['Argentina'],1,13,13.0,1974,1975,1
Tamara Samsonova,Russia,1995 to 2015,13,13+,"Known as the ""Granny Ripper""; killed and allegedly cannibalized people in her apartment; committed to a psychiatric clinic.",['Russia'],1,13,13.0,1995,2015,20
Herbert Mullin,United States,1972 to 1973,13,,"Despite detailed confessions, prosecutors decided not to try him for the first three crimes, instead focusing on crimes that conflicted with his insanity plea. Sentenced to imprisonment for life.",['United States'],1,13,,1972,1973,1
Boston Strangler,United States,1962 to 1964,13,,"Although Albert DeSalvo was widely thought to be the Boston Strangler, police and others analysing the case have long doubted the truth of his confession. Sentenced to life for a series of rapes, he was murdered in prison. DeSalvo's body was exhumed for DNA testing, and compared to a substance found on the exhumed body of the Boston Strangler's last victim. In 2001, it was declared not to match, but in 2013 officials announced that improvements in DNA extraction technology produced viable samples from the degraded evidence. DeSalvo's body was reexhumed and found to match.",['United States'],1,13,,1962,1964,2
Lorenzo Gilyard,United States,1977 to 1993,13,,"Known as ""The Kansas City Strangler"". Killed up to 13 prostitutes in the Kansas City area from 1977 to 1993. Sentenced to life in 2007.",['United States'],1,13,,1977,1993,16
Joseph James DeAngelo,United States,1979 to 1986,13,,"Top suspect in the murders committed by ""Golden State Killer"", ""Original Night Stalker"", and ""East Area Rapist"". Committed at least 12 murders, 50 rapes, and 120 burglaries across California in the 1970s and 1980s. He was identified and arrested in 2018 after DNA evidence confirmed it was him.",['United States'],1,13,,1979,1986,7
Vladimir Storozhenko,Soviet Union,1978 to 1981,13,,"Known as the ""Smolensky Strangler""; tortured and murdered women for sexual pleasure; four other innocent men were initially convicted for his crimes; executed 1984.",['Soviet Union'],1,13,,1978,1981,3
Vasiliy Kulik,Soviet Union,1984 to 1986,13,,Known as the Irkutsk Monster; killed at least 13 victims from 1984 to 1986. Executed by firing squad in 1989.,['Soviet Union'],1,13,,1984,1986,2
Nikolai Dudin,"Soviet Union
Russia",1987 to 2002,13,,"Known as the ""Grim Maniac""; killed his father in 1987, and after release, killed 12 more people while intoxicated; sentenced to life imprisonment.","['Soviet Union', 'Russia']",2,13,,1987,2002,15
Denis Pischikov,Russia,2002 to 2003,13,,"Known at the ""Shivering Creature""; robbed and killed elderly people around the Moscow Oblast and Vladimir Oblast; sentenced to life imprisonment.",['Russia'],1,13,,2002,2003,1
Nikolay Shubin,Russia,2004 to 2006,13,,Paranoid schizophrenic who killed people who beat him in chess games; sentenced to compulsory treatment.,['Russia'],1,13,,2004,2006,2
Johannes Mashiane,South Africa,1982 to 1989,13,,"Known as ""The Beast of Atteridgeville"", he was found guilty of 13 counts of murder and 12 counts of sodomy from 1982 to 1989. Committed suicide by throwing himself under a bus while being pursued by police in 1989.",['South Africa'],1,13,,1982,1989,7
Mukosi Freddy Mulaudzi,South Africa,1990 to 2006,13,,"Known as ""The Limpopo Serial Killer""; escaped convict, originally responsible for two murders, who murdered 11 more after his prison escape; given 11 life sentences.",['South Africa'],1,13,,1990,2006,16
Thozamile Taki,South Africa,2007,13,,"Known as the ""Sugar cane serial killer"", he murdered 13 women. Convicted in 2010.",['South Africa'],1,13,,2007,2007,0
Rainbow Maniac,Brazil,2007 to 2008,13,,"Unidentified serial killer who shot gay men in the head (except one, who was bludgeoned) in the Paturis Park of Carapicuiba.",['Brazil'],1,13,,2007,2008,1
Naceur Damergi,Tunisia,1980s to 1988,13,,Raped and killed minors in the Nabeul region; executed by hanging in 1990.,['Tunisia'],1,13,,1980,1988,8
Adolf Seefeldt,Germany,1908 to 1935,12,100,"Known as the ""Sandman""; sexually abused young boys in their sleep, then poisoned them; suspected of 100 murders in total. Executed by guillotine in 1936.",['Germany'],1,12,100.0,1908,1935,27
Donald Henry Gaskins,United States,1953 to 1982,12,31–80+,"Known as ""The Meanest Man in America"", Gaskins was convicted of nine murders committed in South Carolina between 1973 and 1975. He was suspected of 31 murders. Two victims had been murdered while Gaskins had been incarcerated—one while Gaskins had been on death row. Later claimed on death row that he had murdered between 80 and 110 victims. Executed by electric chair in 1991.",['United States'],1,12,56.0,1953,1982,29
William Suff,United States,1986 to 1992,12,22,"Previously served 10 years of a 70-year sentence for beating his baby daughter to death. Beginning two years after his release, this county store clerk raped, stabbed, strangled, and sometimes mutilated 12 or more prostitutes in Riverside County, California. Known as the ""Riverside Prostitute Killer"" and the ""Lake Elsinore Killer."" Sentenced to death.",['United States'],1,12,22.0,1986,1992,6
Vladimir Romanov,"Soviet Union
Russia",1991 to 2005,12,20,"Known as the ""Kaliningrad Maniac""; pedophile who raped and murdered girls and young women in the Kaliningrad Oblast; committed suicide while imprisoned.","['Soviet Union', 'Russia']",2,12,20.0,1991,2005,14
Maury Travis,United States,2000 to 2002,12,17,Killed prostitutes in the St. Louis area from 2000 to 2002. Caught when he mailed an Expedia.com map showing where to find a body to a St. Louis newspaper. Committed suicide by hanging in prison.,['United States'],1,12,17.0,2000,2002,2
Dennis Nilsen,United Kingdom,1978 to 1983,12,15–16,"Picked up young men in London between 1978 and 1983 and dismembered them, keeping various body parts around his home. Died from surgical complications in 2018.",['United Kingdom'],1,12,16.0,1978,1983,5
Kenneth Bianchi,United States,1977 to 1978,12,15,"Convicted of strangling 12 female victims aged 12 to 28 and suspected in another three cases. One of the ""Hillside Stranglers"". Sentenced to imprisonment for life.",['United States'],1,12,15.0,1977,1978,1
Charles Sobhraj,"Thailand
Nepal
India
Malaysia",1975 to 1976,12,13,"French con man known as ""The Bikini Killer"" or ""The Serpent"" that targeted Western tourists in vacation spots of South-east Asia, often with the help of female accomplices. Imprisoned in India from 1976 to 1997, and from 2004 serving a life sentence in Nepal.","['Thailand', 'Nepal', 'India', 'Malaysia']",4,12,13.0,1975,1976,1
Abdallah al-Hubal,Yemen,1990 to 1998,12,,"Killed seven people after a Yemeni reunion; fled prison, then proceeded to kill a young couple and three more people; killed during a shootout with police.",['Yemen'],1,12,,1990,1998,8
Nikolai Shestakov,Soviet Union,1975,12,,"Known as the ""Luberetsky Maniac""; truck driver who raped and killed girls and young women; supposedly executed in 1977.",['Soviet Union'],1,12,,1975,1975,0
Anatoly Sedykh,Russia,1998 to 2003,12,,"Raped and killed women around Lipetsk, then robbed their corpses; sentenced to life imprisonment.",['Russia'],1,12,,1998,2003,5
Joseph Christopher,United States,1980 to 1981,12,,"Known as ""The Midtown Slasher""; racist who killed 12 people, all but one of them African Americans, in 1980 and 1981, between upstate New York and Georgia, mutilating two of them. Sentenced to life imprisonment, died in prison age 33 of breast cancer.",['United States'],1,12,,1980,1981,1
"""Paraquat murders"" killer",Japan,1985,12,,Unidentified serial killer who carried out a series of indiscriminate poisonings in Japan in 1985 that killed 12.,['Japan'],1,12,,1985,1985,0
Enriqueta Martí,Spain,1900 to 1912,12,,"Self-proclaimed witch that abducted, prostituted, murdered and made potions with the bodies of small children that she sold in Barcelona. Remains of 12 different children were identified in her home, but she is believed to have murdered more. Murdered in prison by fellow immates while awaiting trial in 1913.",['Spain'],1,12,,1900,1912,12
Herb Baumeister,United States,1990 to 1996,11–16,25+,Strangled gay men and buried their bodies in his backyard in Indiana and Ohio; 11 men were found in the yard but only five were identified. Committed suicide by shooting himself when faced with arrest.,['United States'],1,16,25.0,1990,1996,6
John Bunting,Australia,1992 to 1999,11,,Ringleader in the Snowtown murders (aka Bodies in the Barrels Murders); sentenced to 11 consecutive life sentences without the possibility of parole.,['Australia'],1,11,,1992,1999,7
Sergey Golovkin,"Soviet Union
Russia",1986 to 1992,11,40+,Killed at least 11 boys in the Moscow area between 1986 and 1992. Executed by gunshot in 1996; last person executed in Russia before the death penalty was abolished.,"['Soviet Union', 'Russia']",2,11,40.0,1986,1992,6
Juana Barraza,Mexico,late 1990s to 2006,11,29–49,Female wrestler who bludgeoned or strangled elderly women to rob them. Sentenced to 759 years.,['Mexico'],1,11,39.0,1990,2006,16
Zhang Yongming,China,2008 to 2012,11,17–20,Sold flesh of his victims as 'ostrich meat' and kept eyeballs in wine. Executed.,['China'],1,11,18.0,2008,2012,4
Jack Unterweger,"Austria
United States
Czechoslovakia",1974 to 1992,11,15,"Served 14 years in Austrian prison because of a murder in 1974; killed at least nine prostitutes after his release. Was a small media star in Austrian media in the early 1990s and, on behalf of Austrian police, was arrested in the US, where he may have killed another three prostitutes. Hanged himself in 1994 after being sentenced to life in prison.","['Austria', 'United States', 'Czechoslovakia']",3,11,15.0,1974,1992,18
Vaughn Greenwood,United States,1964 to 1975,11,13,"Known as the ""Skid Row Slasher"". Killed 11 people, suspected of two more. Cut victims' throats from ear to ear and may have drank their blood. Sentenced to imprisonment for life.",['United States'],1,11,13.0,1964,1975,11
Benjamin Atkins,United States,1991 to 1992,11,,"Known as ""The Woodward Corridor Killer"". Raped and strangled his victims before abandoning their bodies in vacant buildings. Died in prison in 1997, age 29, from AIDS.",['United States'],1,11,,1991,1992,1
Nannie Doss,United States,1927 to 1954,11,,"Responsible for 11 deaths between 1927 and 1954. Known as the ""Giggling Nanny"", the ""Giggling Granny"", and the ""Jolly Black Widow"". Sentenced to imprisonment for life. Died of leukemia in 1965, age 59.",['United States'],1,11,,1927,1954,27
Clifford Olson,Canada,1980 to 1981,11,,"Considered a dangerous offender, meaning that Olson could never have been released from prison. He had three parole applications rejected. Died from cancer in 2011.",['Canada'],1,11,,1980,1981,1
Henri Désiré Landru,France,1915 to 1919,11,,"Nicknamed ""Bluebeard"", he put notes in the lonely hearts section of newspapers under different aliases, presenting himself as a widower that wanted to marry a war widow. He killed at least 10 women and the teenage son of one of them, and burned their bodies after he had gained access to their assets. Executed by guillotine in 1922.",['France'],1,11,,1915,1919,4
West Mesa Killer,United States,2003 to 2005,11,,"Remains of 11 women, who disappeared between 2003 and 2005, were found buried in the desert in Albuquerque, New Mexico in 2009 and attributed to a bone collector.",['United States'],1,11,,2003,2005,2
Anthony Sowell,United States,2007 to 2009,11,,"Known as The Cleveland Strangler, he was convicted of killing 11 women between 2007 and 2009, and is suspected in another series of murders in the 1980s, with the two sets of killings separated by a 15-year stint in prison. Sentenced to death.",['United States'],1,11,,2007,2009,2
Andre Crawford,United States,1993 to 1999,11,,Murdered 11 women between 1993 and 1999. Sentenced to life in prison.,['United States'],1,11,,1993,1999,6
Francisco García Escalero,Spain,1987 to 1994,11,,"Known as ""The Killer Beggar"". A necrophilic, schizophrenic homeless man found insane and confined to a psychiatric hospital after killing 11 prostitutes and other homeless people between 1987 and 1994. Died in 2014.",['Spain'],1,11,,1987,1994,7
Robledo Puch,Argentina,1971,11,,Convicted of 11 murders and multiple other crimes including attempted murder and sexual assault. Sentenced to life imprisonment in 1980.,['Argentina'],1,11,,1971,1971,0
Adnan Çolak,Turkey,1992 to 1995,11,,Killed 11 elderly women aged 68 to 95 and raped six others. Sentenced to death but commuted to life in prison after Turkey abolished the death penalty in 2004.,['Turkey'],1,11,,1992,1995,3
Seisaku Nakamura,Japan,1938 to 1942,11,,"Teenage serial killer known as the ""Hamamatsu Deaf Killer"" for having been born deaf. Murdered 11 people (including his brother) and attacked many others, among them his father, sister, brother-in-law and nephew. Tried as an adult and executed by hanging.",['Japan'],1,11,,1938,1942,4
Very Idham Henyansyah,Indonesia,2008 and earlier,11,,"Known as the ""singing serial killer"" and ""Ryan"", the artistic name he adopted while awaiting his execution in prison, where he recorded an album and wrote his autobiography. ""Ryan"" confessed to murdering 11 people including a toddler; 10 of his victims were buried in his parents' home backyard while the last one was butchered and hidden in a suitcase. Sentenced to death.",['Indonesia'],1,11,,Unknown,2008,Unknown
Francisco de Assis Pereira,Brazil,1997 to 1998,11,,"Rapist and serial killer, known as ""O Maníaco do Parque"" (The Park Maniac). He was arrested for the torture, rape and death of 11 women and for assaulting nine in a park in São Paulo, Brazil during the 1990s. Pereira found his victims by posing as a talent scout for a modeling agency. Sentenced to 268 years.",['Brazil'],1,11,,1997,1998,1
Roshu Kha,Bangladesh,2008,11,,Raped and murdered garment workers after being rejected by his lover. Sentenced to death.,['Bangladesh'],1,11,,2008,2008,0
Gao Chengyong,China,1998 to 2002,11,,"Known as ""Chinese Jack the Ripper""; killed women and then mutilated their corpses. Executed in 2019.",['China'],1,11,,1998,2002,4
Marie Alexandrine Becker,Belgium,1933 to 1936,11,,Poisoned wealthy clients while working as a seamstress. Died in prison in 1942.,['Belgium'],1,11,,1933,1936,3
Ruslan Khamarov,Ukraine,2000 to 2003,11,,"Seduced, raped and then killed women in his home; sentenced to life imprisonment.",['Ukraine'],1,11,,2000,2003,3
Yevgeny Petrov,Russia,1998 to 2003,11,,"Known as the ""Novouralsk Ripper""; pedophile who kidnapped, raped and killed young girls around Novouralsk, mutilating and burning their corpses afterwards; sentenced to life imprisonment.",['Russia'],1,11,,1998,2003,5
Rudolf Pleil,West Germany,1946 to 1947,10,25,"Known as Der Totmacher (""The Deadmaker""). Convicted of killing a salesman and nine women. Claimed to have killed 25. Committed suicide by hanging in 1958.",['West Germany'],1,10,25.0,1946,1947,1
Milton Johnson,United States,1983,10,17,"Known as ""The Weekend Murderer"" killed up to 17 people. Sentenced to life without parole.",['United States'],1,10,17.0,1983,1983,0
Long Island serial killer,United States,1996 to 2011,10,14,"Unidentified serial killer also known as ""The Gilgo Beach Killer"". Believed to have murdered 10 to 14 people associated with the sex trade over a period of 15 years.",['United States'],1,10,14.0,1996,2011,15
Daniel Lee Siebert,United States,1979 to 1986,10,13,Convicted of a 1979 manslaughter; killed 10 people across America in three months in mid-1980s including two children and a Southside Slayer victim. Sentenced to death; died from cancer in prison in 2008.,['United States'],1,10,13.0,1979,1986,7
Lonnie David Franklin Jr.,United States,1985 to 2007,10,25,"Known as the ""Grim Sleeper"" for the alleged 14-year hiatus he took from murdering between 1988 and 2002. Shot and strangled his victims, mostly women, around South Los Angeles. Sentenced to death.",['United States'],1,10,25.0,1985,2007,22
Sergey Cherny,Russia,1999,10,11,Strangled women around Smolensk; suspected of the drowning death of another woman; died in 2001 from pneumonia while in a special psychiatric hospital.,['Russia'],1,10,11.0,1999,1999,0
Bobby Joe Long,United States,1984,10,10+,"Known as ""The Classified Ad Rapist""; killed 10 women in Tampa Bay, Florida in 1984. Sentenced to death. Executed by lethal injection on 23 May 2019.",['United States'],1,10,10.0,1984,1984,0
Stewart Wilken,South Africa,1990 to 1997,10,10+,"Known as ""Boetie Boer""; raped, sodomised and murdered 10 victims from 1990 to 1997. Sentenced to seven life terms.",['South Africa'],1,10,10.0,1990,1997,7
David Randitsheni,South Africa,2004 to 2008,10,10+,"Kidnapped 19 people, raped 17, and murdered 10. Sentenced to 16 consecutive life sentences plus 220 years in prison; hanged himself three weeks after conviction.",['South Africa'],1,10,10.0,2004,2008,4
Edmund Kemper,United States,1964 to 1973,10,,"Called ""The Co-ed Butcher."" At age 15, he confessed to murdering his grandparents and served six years as a criminally insane juvenile. He was released in 1969. In 1972 and 1973, he murdered and dismembered six young women, then killed his mother and her friend. He was sentenced to eight counts of seven years to life.",['United States'],1,10,,1964,1973,9
Dennis Rader,United States,1974 to 2004,10,,"Known as the BTK Killer. Murdered 10 people in Sedgwick County (in and around Wichita), Kansas, between 1974 and 1991. Sentenced to life imprisonment with no parole for 175 years.",['United States'],1,10,,1974,2004,30
Ali Kaya,Turkey,1997 to present,10,,"Known as ""the baby faced killer""; responsible for 10 murders. Escaped from prison and later recaptured.",['Turkey'],1,10,,1997,2023,26
Robert Wagner,Australia,1992 to 1999,10,,Secondary ringleader in the Snowtown murders and best friend of John Justin Bunting; sentenced to 10 consecutive life sentences without the possibility of parole.,['Australia'],1,10,,1992,1999,7
Jeanne Weber,France,1905 to 1908,10,,Transient baby-sitter who strangled children in her care. Declared insane. Hanged herself in prison in 1918.,['France'],1,10,,1905,1908,3
Henry Louis Wallace,United States,1990 to 1994,10,,"Confessed to 10 murders in Charlotte, North Carolina. The victims were all women that he knew. Sentenced to death.",['United States'],1,10,,1990,1994,4
Angelo Buono Jr.,United States,1977 to 1979,10,,"Convicted of strangling 10 women. One of the ""Hillside Stranglers"". Died in prison from a heart attack in 2002.",['United States'],1,10,,1977,1979,2
Satish,India,1995 to 1998,10,,"Killed 10 girls who were between the ages of five and nine. He was arrested from Bahadurgargh, Haryana after a long chase by Haryana police.",['India'],1,10,,1995,1998,3
Zhou Kehua,China,2004 to 2012,10,,"A former soldier who targeted ATM users. He killed 10 people and evaded the law for eight years, before being shot in a shootout with police after a year-long manhunt.",['China'],1,10,,2004,2012,8
Kang Ho-sun,South Korea,2006 to 2008,10,,"Sentenced to death in 2010 for killing 10 women, including his wife and mother-in-law.",['South Korea'],1,10,,2006,2008,2
Eduard Shemyakov,Russia,1996 to 1998,10,,"Known as the ""Resort Maniac""; Ukrainian who raped, killed and dismembered women in St. Petersburg, supposedly cannibalizing one of the victims; sentenced to compulsory treatment.",['Russia'],1,10,,1996,1998,2
Oleg Kuznetsov,"Soviet Union
Russia
Ukraine",1991 to 1992,10,,"Robbed, raped and killed people around Russia and Ukraine; sentenced to death but commuted to life imprisonment.","['Soviet Union', 'Russia', 'Ukraine']",3,10,,1991,1992,1
Stanislav Rogolev,Soviet Union,1980 to 1982,10,,"Known as ""Agent 000""; killed and raped women, managing to avoid capture through suspected knowledge of the investigation against him; executed by firing squad in 1984.",['Soviet Union'],1,10,,1980,1982,2
Volker Eckert,"East Germany
Germany
France
Spain
Czech Republic (suspected)
Italy (suspected)",1974 to 2006,9–13,19+,"German trucker who confessed to having abducted, tortured and killed five prostitutes through his route in Western Europe, plus strangling a 14-year-old girl in his native West Germany in 1974, when he was 15. Police considered him perpetrator of nine murders (with four more being possible); he hanged himself in prison before being convicted.","['East Germany', 'Germany', 'France', 'Spain', 'Czech Republic (suspected)', 'Italy (suspected)']",6,13,19.0,1974,2006,32
Louis van Schoor,South Africa,1986 to 1989,9,100,"Former security guard who was convicted of seven murders and two assassinations, but confessed to a reporter that he murdered 100 people; sentenced to 20 years in prison and released on parole in 2004.",['South Africa'],1,9,100.0,1986,1989,3
Peter Kürten,"German Empire
Germany",1913 to 1930,9,79,"Charged with nine murders and seven attempted murders. Dubbed ""The Vampire of Düsseldorf"" by the contemporary media. Executed by guillotine in 1931.","['German Empire', 'Germany']",2,9,79.0,1913,1930,17
Roger Dale Stafford,United States,1974 to 1978,9,34,"Killed nine people in two states, including a family of three; his wife implicated him in 34 total murders in different states; executed by lethal injection in 1995.",['United States'],1,9,34.0,1974,1978,4
Norman Afzal Simons,South Africa,1986 to 1994,9,22,"Known as the ""Station Strangler"", convicted of only one of 22 cases of murder and sodomy of young children near Cape Town. Sentenced to imprisonment for life.",['South Africa'],1,9,22.0,1986,1994,8
Francis Heaulme,France,1984 to 1992,9,20,"Convicted of killing nine people, but suspected in the murder of dozens. He is known as the ""Criminal Backpacker"" due to his travels throughout France. He left a trail of bodies wherever he went.",['France'],1,9,20.0,1984,1992,8
Joel Rifkin,United States,1989 to 1993,9,17,"Known as ""The Drifter"", killed prostitutes in New York City, most of them drug addicts. Convicted of nine murders but believed to have committed 17; also suspected of being the unidentified Long Island serial killer. Sentenced to 203 years to imprisonment for life.",['United States'],1,9,17.0,1989,1993,4
Dagmar Overbye,Denmark,1913 to 1920,9,15,"Murdered between nine and 25 children—of which one was her own—during a seven-year period. In 1921, she was sentenced to death in one of the most talked about trials in Danish history, that changed legislation on childcare. The sentence was later commuted to life in prison. Overbye was working as a professional child minder, caring for babies born outside of marriage, murdering her charges. She strangled them, drowned them or burned them to death in her masonry heater. The corpses were either cremated, buried or hidden in the loft. Died in prison in 1929.",['Denmark'],1,9,15.0,1913,1920,7
Kenneth McDuff,United States,1966 to 1992,9,14+,"Known as ""The Broomstick Killer""; death sentence for 1966 triple-murder was commuted. Killed again three days after 1989 parole and 10 further times in Waco, Texas until 1992. Executed by lethal injection in 1998.",['United States'],1,9,14.0,1966,1992,26
Robert Joseph Silveria Jr.,United States,1981 to 1996,9,14+,"Known as ""The Boxcar Killer""; freight train rider convicted of beating to death fellow transients and confessed to dozens more.",['United States'],1,9,14.0,1981,1996,15
Richard Biegenwald,United States,1958 to 1983,9,11+,"Known as ""The Thrill Killer"". Killed at least nine people in Monmouth County, New Jersey and is suspected in at least two other murders. Died of respiratory and kidney failure in 2008.",['United States'],1,9,11.0,1958,1983,25
Alexander Bychkov,Russia,2009 to 2012,9,11,Described in his personal diary how he killed 11 men who were alcoholics and tramps. Confessed to eating body parts of his victims. Found guilty of nine murders and sentenced to life imprisonment.,['Russia'],1,9,11.0,2009,2012,3
New Bedford Highway Killer,United States,1988 to 1989,9,11,Unidentified serial killer who killed nine women and disappearance of two others between 1988 and 1989.,['United States'],1,9,11.0,1988,1989,1
Maryvale serial shooter,United States,2015 to 2016,9,11,"Motorist who shot 12 people in separate events in Phoenix, Arizona, killing nine. Aaron Saucedo was charged with the shootings and two additional murders in 2017.",['United States'],1,9,11.0,2015,2016,1
Viktor Fokin,Russia,1996 to 2000,9,10+,"Known as the ""Grandfather Ripper""; pensioner who lured, killed and then dismembered prostitutes and alcohol abusers in his home, disposing of the remains in garbage containers after; died while imprisoned at a corrective labor colony.",['Russia'],1,9,10.0,1996,2000,4
Timothy Krajcir,United States,2000 to 2009,9,,"Killed nine women across Pennsylvania, Illinois, Kentucky and Missouri (five in Cape Girardeau) in the 1970s and 1980s.",['United States'],1,9,,2000,2009,9
Edgecombe County Serial Killer,United States,2000 to 2009,9,10,"Unidentified serial killer who killed nine women and possibly another who disappeared since 2005 around Rocky Mount, North Carolina. Antwan Pittman was convicted in one case.",['United States'],1,9,10.0,2000,2009,9
Eric Edgar Cooke,Australia,1958 to 1963,8,,"Known as the ""Night Caller"" and later the ""Nedlands Monster""; killed at least eight people and attempted to kill at least fourteen in and around Perth between 1959 and 1963; he was last person to be hanged in Western Australia.",['Australia'],1,8,,1958,1963,5
Joseph Paul Franklin,United States,1977 to 1980,8–15,20,White supremacist shooter who confessed to 20 murders and several attempted murders. Executed by lethal injection in 2013.,['United States'],1,15,20.0,1977,1980,3
Yoshio Kodaira,"China
Japan",1928 to 1946,8–11+,,"A serial rapist, Kodaira killed his father-in-law in 1932 and eight to 10 women in Japan between 1945 and 1946, engaging in necrophilia after the fifth murder. Previously (1920s) he had been deployed to Northern China as a sailor in the Imperial Japanese Navy, where he was free to target the locals. Hanged in 1949.","['China', 'Japan']",2,11,,1928,1946,18
Keith Hunter Jesperson,United States,1990 to 1995,8,160,"Dubbed the ""Happy Face Killer"", Jesperson was convicted of killing eight women by strangulation.",['United States'],1,8,160.0,1990,1995,5
Rodney Alcala,United States,1971 to 1979,8,130+,"Known as the ""Dating Game Killer"" for appearing on the game show The Dating Game in the middle of his killing years. Was convicted of at least five murders, though his actual total is estimated to be much higher.",['United States'],1,8,130.0,1971,1979,8
Kiyotaka Katsuta,Japan,1982 to 1983,8,22,"Strangled or shot people to rob them, using a gun he had stolen from a policeman after running him over with his car. Hanged in 2000.",['Japan'],1,8,22.0,1982,1983,1
Pierre Chanal,France,1980 to 1988,8,17,Military instructor suspected of killing boys and men in Marne; committed suicide before trial.,['France'],1,8,17.0,1980,1988,8
Christopher Wilder,United States,1984,8,13+,Killed eight women during a spree before accidentally shooting himself; suspected in the disappearance and murder of more than five more.,['United States'],1,8,13.0,1984,1984,0
Axeman of New Orleans,United States,1918 to 1919,8,12+,Unidentified serial killer of at least eight people in the New Orleans area from May 1918 to October 1919.,['United States'],1,8,12.0,1918,1919,1
Vladimir Retunsky,Russia,1990 to 1996,8,12,"Known as the ""Povorinsky Maniac""; kidnapped, raped and killed hitchhikers in his hometown of Povorino, possibly abusing their corpses; initially sentenced to death, but later reduced to 15 years imprisonment and released in 2015.",['Russia'],1,8,12.0,1990,1996,6
Gilbert Paul Jordan,Canada,1965 to 1987,8,10,"Known as the ""Boozing Barber"", he would typically find alcoholic women in bars in Vancouver's destitute Downtown Eastside, buy them drinks or pay them for sex and encourage them to drink with him. When they passed out, he would pour more liquor down their throats. The resulting deaths were reported as alcohol poisoning and generally ignored by police as the intentional murders blended in with the common occurrence in that neighbourhood. Died in 2006.",['Canada'],1,8,10.0,1965,1987,22
Bruce McArthur,Canada,2010 to 2017,8,,"One of the oldest known serial killers, active at 65, he lured men to secret sexual encounters involving drugs and bondage, killed them and dismembered their bodies which he hid in garden planters.",['Canada'],1,8,,2010,2017,7
Elizabeth Wettlaufer,Canada,2007 to 2018,8,,"Confessed to murdering eight senior citizens and attempting to murder six others in southwestern Ontario. With a total of fourteen victims either killed or injured by her actions, she is described as one of the worst serial killers in Canadian history.",['Canada'],1,8,,2007,2018,11
Nikolai Dzhumagaliev,Soviet Union,1980 and earlier,7,50–100,Lured women in a park at night and hacked them with an axe as part of a plan to rid the world of prostitution. Also cooked parts of his victims and ate them himself or served them to other people as part of ethnic dishes. Found innocent by reason of insanity and interned in a mental institution.,['Soviet Union'],1,7,75.0,Unknown,1980,Unknown
Manuel Delgado Villegas,"Spain
France (claimed)
Italy (claimed)",1964 to 1971,7,48,"Wandering criminal known as El Arropiero (""The Arrope Trader"") and El Estrangulador del Puerto (""The Strangler of Puerto""). Confessed to the impulsive murders of 48 people of different sex, age, wealth and sexual orientation in three countries (including his girlfriend, whom he strangled during sex), but police only investigated him for 22 murders in Spain and was considered proven author of seven. Some of his victims were killed with hand to hand combat techniques that he had learned in the Spanish Foreign Legion. Diagnosed with XYY syndrome and interned in a mental institution until his death in 1998.","['Spain', 'France (claimed)', 'Italy (claimed)']",3,7,48.0,1964,1971,7
Ershad Sikder,Bangladesh,1991 to 1999,7,43+,Career criminal and corrupt politician responsible for numerous torture murders in the 1990s; convincted on seven counts and executed 2004.,['Bangladesh'],1,7,43.0,1991,1999,8
Ivan Milat,Australia,1990 to 1999,7,23–37,Convicted of the Backpacker murders; sentenced to seven consecutive life sentences plus 18 years without the possibility of parole. May have had accomplices.,['Australia'],1,7,30.0,1990,1999,9
Michael Wayne McGray,"Canada
United States",1980s to 2010s,7,18,"Convicted of the murder of six people in the late 1990s, including a woman and her 11-year-old daughter. Claims to have killed 11 others, including murders committed while on parole and while on a three-day pass from prison. Finally imprisoned for life, killed a cellmate in 2010.","['Canada', 'United States']",2,7,18.0,1980,2010,30
Kenneth Erskine,United Kingdom,1986,7,11,"Known as ""The Stockwell Strangler"", he was a burglar who raped and strangled at least seven elderly women after breaking into their homes.",['United Kingdom'],1,7,11.0,1986,1986,0
David Carpenter,United States,1979 to 1981,7,11,"Known as ""The Trailside Killer""; murdered women on San Francisco-area hiking trails between 1979 and 1981. Sentenced to death.",['United States'],1,7,11.0,1979,1981,2
Vladimir Kuzmin,Russia,1997,7,11,"Raped, murdered and robbed mostly young boys and men in Moscow; assisted in his first two murders by Denis Kalistratov; sentenced to life imprisonment.",['Russia'],1,7,11.0,1997,1997,0
Tommy Recco,France,1960 to 1980,7,10,"Murdered his godfather in 1960; after release, killed six cashiers in two separate store raids; also suspected of murdering a trio of German tourists.",['France'],1,7,10.0,1960,1980,20
Todd Kohlhepp,United States,2003 to 2016,7,7,"A registered sex offender; Shot up a motorcycle shop in 2003, killing 4; killed 3 more victims in 2015 and 2016; is currently serving 7 life sentences for the crimes.",['United States'],1,7,7.0,2003,2016,13
Ohio Prostitute Killer,United States,1981 to 2004,7,10,"Supposedly murdered prostitutes and exotic dancers; his first victim was Marcia King, who was identified in 2018.",['United States'],1,7,10.0,1981,2004,23
Derrick Todd Lee,United States,2002,7,10,"Known as the ""Baton Rouge or South Louisiana Serial Killer"" convicted of three murders. Believed to have murdered several other women in Louisiana, Mississippi and Alabama. Sentenced to death, died in 2016.",['United States'],1,7,10.0,2002,2002,0
Tomás Maldonado Cera,Colombia,2002 to 2018,7,10,"Known as ""The Satanist""; killed people in Barranquila for the purpose of satanic rituals.",['Colombia'],1,7,10.0,2002,2018,16
Aileen Wuornos,United States,1989 to 1990,7,,Sex worker that shot her victims at point blank range.,['United States'],1,7,,1989,1990,1
Nikos Metaxas,Cyprus,2016 to 2018,7,,"A 35-year-old Cypriot Army officer who killed five women and two children between September 2016 and August 2018. These became known as the ""Mitsero murders."" Sentenced to 7 life sentences.",['Cyprus'],1,7,,2016,2018,2
David Berkowitz,United States,1976 to 1977,6,,"Known as ""Son of Sam"", he went after young women and couples killing 6 people and wounding 7 others with a .44 caliber Bulldog revolver. He was caught when an eyewitness to his last murder saw he had a parking ticket on his car. He was sentenced to life in prison with parole in 1978.",['United States'],1,6,,1976,1977,1
Richard Chase,United States,1977 to 1978,6,,"Known as ""The Vampire of Sacramento"" because he drank his victims' blood and cannibalized their remains. He killed six people in the span of a month in Sacramento, California. The 1987 film Rampage was loosely based on based on Chase's crimes.",['United States'],1,6,,1977,1978,1
Tommy Lynn Sells,United States,1980 to 1999,6,70?,Drifter active throughout the United States who specialized in killing children and multiple victims after breaking into their homes. Caught when a 10-year-old girl survived his attack and provided a description of him. Executed in 2014.,['United States'],1,6,70.0,1980,1999,19
Władysław Mazurkiewicz,Poland,1950 to 1959,6,30,"Known as ""The Gentleman Killer"". Indicted of, and confessed to having committed 30 murders; convicted of six and hanged in 1957.",['Poland'],1,6,30.0,1950,1959,9
Gong Runbo,China,2005 to 2006,6,20+,Found guilty of the murders of six children and teenagers aged between nine and 16 from 2005 to 2006; executed in 2007.,['China'],1,6,20.0,2005,2006,1
Cristopher Chávez Cuellar,Colombia,1990s to 2015,6,15+,"Known as ""The Soulless""; killed between 6 and at least 15 people starting from the 1990s, including 4 underage brothers; sentenced to 40 years imprisonment.",['Colombia'],1,6,15.0,1990,2015,25
András Pándy,Belgium,1986 to 1990,6,14+,"Former clergyman nicknamed ""Father Bluebeard"", killed his two wives and four of his children with the help of a fifth he was having an incestuous affair with, and whom denounced him to the authorities seven years later. Sentenced to life imprisonment in 2002.",['Belgium'],1,6,14.0,1986,1990,4
John Wayne Glover,Australia,1989 to 1990,6,13,"British ex-pat living in Australia. Known by the media as ""The Granny Killer"" as he targeted elderly women; committed suicide while in prison in 2005.",['Australia'],1,6,13.0,1989,1990,1
Alexander Sergeychik,Belarus,2000 to 2006,6,12,Killed between six and 12 people under the influence of alcohol. Executed in 2007.,['Belarus'],1,6,12.0,2000,2006,6
Adrián Arroyo Gutiérrez,Costa Rica,2014 to 2015,6,11,"Known as ""The Southern Psychopath""; raped and strangled drug-addicted prostitutes in San José; sentenced to 110 years imprisonment.",['Costa Rica'],1,6,11.0,2014,2015,1
Joseph Naso,United States,1977 to 1994,6,10,"A freelance photographers who raped and strangled to death women in California. Arrested in 2011 and sentenced to death two years later. Known as ""The Double Initial Killer"" since first four victims to be identified bore double initials.",['United States'],1,6,10.0,1977,1994,17
Terry Peder Rasmussen,United States,1978 to 2002,6,6+,"Known as the ""Chameleon Killer""; main suspect in the Bear Brook murders, as well as other murders.",['United States'],1,6,6.0,1978,2002,24
Richard Cottingham,United States,1977 to 1980,5,85–100,"Killer operating in New York and New Jersey who often targeted prostitutes and utilized mutilation as well as dismemberment in his killings. Known as the ""Torso Killer"", convicted of five murders. He made claims of victim count as up to a hundred, however, there was no evidence to support this and is considered unsubstantiated.",['United States'],1,5,92.0,1977,1980,3
Zodiac Killer,United States,1962 to 1977,5,37,Targeted young couples. Remains unsolved but open in the California jurisdictions where the five certain Zodiac murders occurred. Potentially 37 total victims claimed but unverified.,['United States'],1,5,37.0,1962,1977,15
John Floyd Thomas Jr.,United States,1957 to 2009,5,17–25,Serial murderer and rapist with one of the longest criminal careers in the US.,['United States'],1,5,21.0,1957,2009,52
Carl Panzram,"United States
 Portuguese Angola",1915 to 1929,5,22,"From 1920 to 1928, he claimed in a posthumous autobiography to have committed over 22 killings, and sodomy of more than 1000 young men. Executed in 1930 by hanging.","['United States', ' Portuguese Angola']",2,5,22.0,1915,1929,14
Steve Wright,United Kingdom,2006,5,5–22,"Referred to as ""Suffolk murders"", ""Ipswich murders"", ""Ipswich Ripper"", ""Suffolk Ripper"", ""Suffolk Strangler"", ""East Anglia Ripper"", ""Red Light Ripper"" and ""the Suffolkator"". Murdered five prostitutes, all of whom worked in Ipswich in 2006. There are possible links to previous East Anglia prostitute killings.",['United Kingdom'],1,5,14.0,2006,2006,0
Michel Peiry,"Switzerland
France
United States
Yugoslavia (suspected)
Italy (suspected)",1981 to 1987,5,11,"Known as the ""Sadist of Romont""; Swiss soldier who sexually abused and murdered at least 5 hitchhikers in several countries; sentenced to life imprisonment.","['Switzerland', 'France', 'United States', 'Yugoslavia (suspected)', 'Italy (suspected)']",5,5,11.0,1981,1987,6
Hubert Pilčík,Czechoslovakia,1948 to 1951,5,10+,"Made money smuggling people across the Czechoslovakia-Germany border, but killed most of his customers. Total number of his victims is unknown.",['Czechoslovakia'],1,5,10.0,1948,1951,3
Thomas Dillon,United States,1989 to 1992,5,,Killed outdoorsmen in rural Ohio by sniping them from afar with a hunting rifle.,['United States'],1,5,,1989,1992,3
Joe Metheny,United States,1976 to 1996,5,10,"Butchered his victims, then served them at BBQs at his roadside stand; died in prison.",['United States'],1,5,10.0,1976,1996,20
Sek Kim Wah,Singapore,30 June 1983 to 23 July 1983,5,,"Sek Kim Wah, who was of Chinese Singaporean descent, was 19 years old when he killed five victims in two separate robbery cases, using raffia string to strangle them. Other methods employed were hitting their heads with a heavy object (like a wooden stool) and electrocution (which was unsuccessful). He robbed and killed a couple before abandoning their corpses at Seletar Reservoir on 30 June 1983 and then, on 23 July 1983, killed three more people at Andrew Road. He was arrested and indicted for murder six days later and was sentenced to death on 14 August 1985; he lost an appeal and he was hanged on 9 December 1988.",['Singapore'],1,5,,1983,1983,0
Karl Denke,Germany,1900 to 1924,30,42+,"Killed and cannibalized poor travelers and homeless vagrants. Kept a ledger recording his murders with at least 31 names in it (including Vincenz Olivier, his only surviving victim), thus confirming at least 30 victims. But due to the massive amount of human remains found in his apartment, his kill count is suspected by many to exceed 42 victims. Committed suicide by hanging himself in his holding cell before he could be tried.",['Germany'],1,30,42.0,1900,1924,24
Francisco das Chagas Rodrigues de Brito,Brazil,1989 to 2003,30,42,"Pedophile who sexually abused, murdered and mutilated children in Maranhão and Pará; sentenced to 217 years imprisonment.",['Brazil'],1,30,42.0,1989,2003,14
Luis Gregorio Ramírez Maestre,Colombia,2010 to 2013,30,30,Killed motorists in various municipalities before his 2012 capture. Was sentenced to 34 years in prison.,['Colombia'],1,30,30.0,2010,2013,3
David Thabo Simelane,Swaziland,2000 to 2001,28,45,"Sexually assaulted women he befriended in forests, stabbing or strangling them afterward; sentenced to death.",['Swaziland'],1,28,45.0,2000,2001,1
Zhang Jun,China,1993 to 2000,28,28,"Robbed 22 stores in several Chinese provinces, killing 28 people in the process. Executed in 2001.",['China'],1,28,28.0,1993,2000,7
Cedric Maake,South Africa,1996 to 1997,27,35+,"Known as the ""Wemmer Pan Killer"" and ""Hammer Killer"". He killed his victims with different instruments such as guns, rocks, a knife, and a hammer. Authorities attributed the murders to two serial killers because of the inconsistent modus operandi. In some cases he killed his victims with a rock, in others he shot them, and in others he murdered tailors with a hammer. Maake was arrested after Moses Sithole was found guilty of 38 killings and sentenced to 1,340 years in prison.",['South Africa'],1,27,35.0,1996,1997,1
Mariam Soulakiotis,Greece,1939 to 1951,27,27+,"Known as ""The Woman Rasputin""; convent abbot believed to have murdered wealthy women and children who came into her church; the true number of her victims is a matter of debate. Her trial cites that she murdered 27 and killed an additional 150 children through neglect. Was sentenced to life and died in 1954.",['Greece'],1,27,27.0,1939,1951,12
Bruce George Peter Lee,United Kingdom,1973 to 1979,26,26,"Epileptic arsonist who killed people in the city of Hull; sentenced to life imprisonment, but was later institutionalized.",['United Kingdom'],1,26,26.0,1973,1979,6
The Stoneman,India,1985 to 1989,25,25+,"12 homeless people were murdered in their sleep in Bombay between 1985 and 1987, and 13 in Calcutta in 1989—in all cases, by dropping a large rock over their head (an additional victim escaped, but could not identify the attacker). No one was ever charged with any of the murders.",['India'],1,25,25.0,1985,1989,4
Juan Corona,United States,1971,25,25+,Corona was convicted of murdering ranch laborers and burying them in orchards. He was sentenced to 25 terms life imprisonment. Died from natural causes in 2019.,['United States'],1,25,25.0,1971,1971,0
Fritz Haarmann,Germany,1918 to 1924,24,27+,"Also known as the Butcher of Hanover and the Vampire of Hanover, because of his preferred method of killing by biting through his victim's throat, sometimes while sodomizing them. He would then dump the bodies in the nearby river Leine. Believed to have been responsible for the murder of 27 boys and young men, he was convicted, found guilty of 24 murders and executed by guillotine in 1925.",['Germany'],1,24,27.0,1918,1924,6
Béla Kiss,Austria-Hungary,1912 to 1916,24,24+,"Evaded arrest and conviction after the discovery of 24 bodies hidden in large metal drums on his property in 1916. At that time he was serving in the Austro-Hungarian Army, and deserted when the military was notified of the murders by civilian authorities. His final whereabouts and fate are unknown, as is his final victim count.",['Austria-Hungary'],1,24,24.0,1912,1916,4
Majid Salek Mohammadi,Iran,1981 to 1985,24,24,"Killed mainly women he considered unfaithful to their husbands, sometimes the children accompanying them too; committed suicide before he could be sentenced.",['Iran'],1,24,24.0,1981,1985,4
Yvan Keller,"France
Germany (suspected)
Switzerland (suspected)",1989 to 2006,23,150,"Known as the ""Pillow Killer""; killed and robbed old women in France's Alsace region, but also confessed to up to 150 murders, including in Germany and Switzerland; committed suicide before trial.","['France', 'Germany (suspected)', 'Switzerland (suspected)']",3,23,150.0,1989,2006,17
Ronald Dominique,United States,1997 to 2006,23,23+,"Louisianian serial killer, known locally as the Bayou Strangler and murdered victims in the Terrebonne Parish, Lafourche Parish, Iberville Parish and Jefferson Parish. Sentenced to eight life terms.",['United States'],1,23,23.0,1997,2006,9
Juan Fernando Hermosa,Ecuador,1991 to 1992,23,23,"Known as ""Niño del Terror""; youth gang leader who murdered mostly taxi drivers and homosexuals in Quito; murdered on his 20th birthday by unknown assailants.",['Ecuador'],1,23,23.0,1991,1992,1
Earle Nelson,"United States
Canada",1926 to 1927,22,25,"Necrophiliac who primarily targeted boarding house landladies on the US West Coast during 1926; he was also known as ""Gorilla Killer"" or ""the Dark Strangler"". Captured after two murders in a small (now ghost) town in southern Manitoba. Found guilty, hanged by Canadian authorities in January 1928.","['United States', 'Canada']",2,22,25.0,1926,1927,1
Mikhail Novosyolov,"Soviet Union
Russia
Tajikistan",1977 to 1995,22,22,"Known as the ""Necrophile Rebel""; killed his victims with blows from heavy objects, then had sexual intercourse with their corpses; sentenced to civil commitment.","['Soviet Union', 'Russia', 'Tajikistan']",3,22,22.0,1977,1995,18
Manuel Octavio Bermúdez,Colombia,1999 to 2003,21,50+,"Colombian pedophile and serial killer. Known as ""El Monstruo de los Cañaduzales"" (The Monster of the Cane Fields). He confessed to killing 21 children in remote areas of Colombia. Sentenced to 40 years in prison.",['Colombia'],1,21,50.0,1999,2003,4
Patrick Kearney,United States,1965 to 1977,21,43+,"Would pick up young male hitch-hikers or young men from gay bars near Redondo Beach, California, and kill them. Sentenced to imprisonment for life.",['United States'],1,21,43.0,1965,1977,12
William Bonin,United States,1979 to 1980,21,36+,"Bonin and three accomplices are known to have murdered a minimum of 21 youths aged between 12 and 19 in and around Los Angeles. As the majority of his victims were discarded alongside various southern California freeways, Bonin became known as the Freeway Killer. Convicted of 14 of the freeway murders, he was executed by lethal injection in 1996.",['United States'],1,21,36.0,1979,1980,1
Vasile Tcaciuc,Romania,1917 to 1935,21,26+,Romanian man who lured victims and then murdered them with an axe. He was arrested in 1935 after a dog found a dead body in his house. He confessed to having committed at least 26 murders. He was shot dead by a policeman while trying to escape from prison.,['Romania'],1,21,26.0,1917,1935,18
Yoo Young-chul,South Korea,2003 to 2004,21,26,"Used a hammer to murder mostly older victims, until his focus shifted to the decapitation and mutilation of escorts after being dumped by a girlfriend who worked in that profession. Was sentenced to death and currently incarcerated.",['South Korea'],1,21,26.0,2003,2004,1
Francisco Guerrero Pérez,Mexico,1880 to 1908,21,21,"Known as ""El Chaquero""; the first captured serial killer in Mexico, who killed prostitutes in Mexico City; died in 1910 from cerebral thromboembolism and another, unspecified cause.",['Mexico'],1,21,21.0,1880,1908,28
Abdullah Shah,Afghanistan,1990 to 1999,20,20+,Killed travelers on the road from Kabul to Jalalabad serving under Zardad Khan. Also killed his wife. Executed by gunshot in 2004.,['Afghanistan'],1,20,20.0,1990,1999,9
José Paz Bezerra,Brazil,1960s to 1970s,20,20+,"Known as the ""Morumbi Monster""; sexually violated, tortured and then murdered at least 20 women in São Paulo and Pará; sentenced to 30 years imprisonment and later released in 2001.",['Brazil'],1,20,20.0,1960,1970,10
Bulelani Mabhayi,South Africa,2007 to 2012,20,20,"Known as the ""Monster of Tholeni""; killed women and children in the village of Tholeni; sentenced from 25 years to life imprisonment.",['South Africa'],1,20,20.0,2007,2012,5
Mohan Kumar,India,2005 to 2009,20,20,"Lured female victims with promises of marriage and gave them cyanide, claiming they were contraceptive pills, Sentenced to death in 2013.",['India'],1,20,20.0,2005,2009,4
Alexander Spesivtsev,Russia,1991 to 1996,19,82+,"Cannibal known as ""The Novokuznetsk Monster""; admitted to 19 murders, but 82 bloody sets of clothes were found in his home, along with jewels and photographs of possibly unidentified victims. Found insane and interned in a mental hospital. His mother was sentenced to 16 years in prison for luring Spesivtsev's victims to their home.",['Russia'],1,19,82.0,1991,1996,5
Larry Eyler,United States,1982 to 1984,19,23+,"Known as ""The Interstate Killer""; sentenced to death for the 1984 murder and dismemberment of 15-year-old Daniel Bridges. He confessed to other homicides of young men and boys in five separate states. Died of AIDS complications in 1994.",['United States'],1,19,23.0,1982,1984,2
Surinder Koli,India,2005 to 2006,19,30+,"Between 2005 and 2006, a domestic servant of Indian businessman Moninder Singh Pandher, Surinder Koli, kidnapped, raped, murdered, and dismembered 19 people, mostly children. Convicted and sentenced to life.",['India'],1,19,30.0,2005,2006,1
El Psicópata,Costa Rica,1986 to 1996,19,19+,"(""The Psychopath"") Unidentified serial killer who killed 19 people with an M3 submachine gun in three Costa Rican towns, always south of the Florencio del Castillo Highway.",['Costa Rica'],1,19,19.0,1986,1996,10
Sergei Ryakhovsky,"Soviet Union
Russia",1988 to 1993,19,19+,"Known as the Balashikha Ripper, he was convicted for the murders of at least 19 victims. Died from tuberculosis in 2005.","['Soviet Union', 'Russia']",2,19,19.0,1988,1993,5
Yevgeny Chuplinsky,Russia,1998 to 2006,19,19+,"Known as the ""Novosibirsk Maniac""; killed prostitutes in Novosibirsk; despite extensive police search and the capture of another serial killer, he was only arrested in 2016; sentenced to life imprisonment.",['Russia'],1,19,19.0,1998,2006,8
M. Jaishankar,India,2008 to 2011,19,19+,"Accused of killing at least 19 women. Charged with 13 murders, he escaped during a trial transport. Killed eight more people in two months before he was recaptured. Sentenced to 27 years. Committed suicide by slashing his wrists with a shaving blade in prison on 27 February 2018.",['India'],1,19,19.0,2008,2011,3
Ansis Kaupēns,Latvia,1920 to 1926,19,19,Army deserter who committed 30 robberies and killed 19 people; one of the most infamous Latvian criminals; executed by hanging in 1927.,['Latvia'],1,19,19.0,1920,1926,6
Vadim Ershov,Russia,1992 to 1995,19,19,"Known as the ""Krasnoyarsk Beast""; committed 70 crimes around the Krasnoyarsk area, including 19 murders and eight attempted murders; sentenced to death, commuted to life imprisonment.",['Russia'],1,19,19.0,1992,1995,3
Velaphi Ndlangamandla,South Africa,1998,19,19,"Known as ""The Saloon Killer""; robber who murdered people around Mpumalanga in his crime spree; sentenced to 137 years imprisonment.",['South Africa'],1,19,19.0,1998,1998,0
Yavuz Yapıcıoğlu,Turkey,1994 to 2002,18,40+,Killed in various cities of Turkey. 18 murders proven and accused of more than 40 by eyewitnesses and relatives. Was sentenced to 74 years in prison.,['Turkey'],1,18,40.0,1994,2002,8
Paul John Knowles,United States,1974,18,35+,"Killed 18 people in various states in 1974. Claimed 35 murders. Known as the ""Casanova Killer""; shot dead by FBI agents.",['United States'],1,18,35.0,1974,1974,0
Thierry Paulin,France,1984 to 1987,18,21,"Known as ""The monster of Montmartre"". Killed and robbed elderly women. Died of AIDS in 1989 in prison before trial.",['France'],1,18,21.0,1984,1987,3
Randall Woodfield,United States,1979 to 1981,18,44,"Known as ""The I-5 Killer"" and ""The I-5 Bandit."" Suspected of as many as 44 murders. Sentenced to imprisonment for life.",['United States'],1,18,44.0,1979,1981,2
Umesh Reddy,India,1996 to 2002,18,18+,Confessed to 18 rapes and murders. Sentenced to death.,['India'],1,18,18.0,1996,2002,6
Christopher Mhlengwa Zikode,South Africa,1994 to 1995,18,18+,"Known as ""Donnybrook Serial Killer"" murdered 18 people in Donnybrook, KwaZulu Natal from 1994 to 1995. Was given 140 years (5 life sentences).",['South Africa'],1,18,18.0,1994,1995,1
Asande Baninzi,South Africa,2001,18,18,"Killed 18 people in three months, including a family of four; given 19 life sentences and 189 years of imprisonment.",['South Africa'],1,18,18.0,2001,2001,0
Huang Yong,China,2001 to 2003,17,25,"Lured and murdered 17 teenage boys, although he is suspected of 25 murders between September 2001 and 2003. Executed by firing squad in 2003.",['China'],1,17,25.0,2001,2003,2
Pedro Pablo Nakada Ludeña,Peru,2005 to 2006,17,25,"Known as ""El Apóstol de la Muerte"" (""The Apostle of Death""). Convicted of 17 murders and claimed 25. Sentenced to 35 years in prison.",['Peru'],1,17,25.0,2005,2006,1
Darbara Singh,India,2004,17,23,Sexually assaulted and then murdered children of non-Punjabi immigrants; died in 2018 from an illness while serving a life sentence.,['India'],1,17,23.0,2004,2004,0
Sergei Dovzhenko,Ukraine,1992 to 2002,17,19,"Killed people because they were ""mocking"" him; sentenced to life imprisonment.",['Ukraine'],1,17,19.0,1992,2002,10
Donato Bilancia,Italy,1997 to 1998,17,17,"Burglar who murdered 17 people, mainly prostitutes, between 1997 and 1998, during a six-month period. Known as the ""Prostitutes Killer"" and the ""Liguria Monster"". Sentenced to imprisonment for life.",['Italy'],1,17,17.0,1997,1998,1
Irina Gaidamachuk,Russia,2002 to 2010,17,17,"Known as ""Satan in a skirt"". Killed 17 elderly women between 2002 and 2010. Sentenced to 20 years in prison.",['Russia'],1,17,17.0,2002,2010,8
Randy Steven Kraft,United States,1971 to 1983,16,65–67,"Convicted of 16 counts of murder but left a cryptic ""score card"" referring to at least 65 victims. May have had an accomplice. Sentenced to death.",['United States'],1,16,66.0,1971,1983,12
Mohammed Bijeh,Iran,2004,16,20,"Raped and killed at least 16 boys and teenagers. Nicknamed the ""Tehran Desert Vampire"". Was convicted and executed after being lashed in front of a crowd in 2005.",['Iran'],1,16,20.0,2004,2004,0
Michel Fourniret,"France
Belgium",1987 to 2001,16,19,Known as the Ogre or Beast of Ardennes. He was caught after a failed kidnapping in 2003. Sentenced to life and died of respiratory problems while in prison in 2021.,"['France', 'Belgium']",2,16,19.0,1987,2001,14
Sipho Agmatir Thwala,South Africa,1996 to 1997,16,19,"Nicknamed the Phoenix Strangler after the area in which he committed his crimes; he raped and strangled 19 women; arrested, he was found guilty of 16 murders and sentenced to life.",['South Africa'],1,16,19.0,1996,1997,1
Saeed Hanaei,Iran,2000 to 2001,16,19,"Confessed to luring 16 prostitutes to his home and killing them in an attempt to ""cleanse"" the city of Mashhad. His actions were dubbed ""The Spider Murders"". Executed by hanging in 2002.",['Iran'],1,16,19.0,2000,2001,1
Jeffrey Dahmer,United States,1978 to 1991,16,17,Dahmer ate some of his victims and kept their body parts in his freezer. Was sentenced to life imprisonment; murdered in prison in 1994.,['United States'],1,16,17.0,1978,1991,13
José Antonio Rodríguez Vega,Spain,1987 to 1988,16,16+,"Nicknamed El Mataviejas (The Old Lady Killer), he raped and killed at least 16 elderly women, aged from 61 to 93 years old, in and around Santander, Cantabria. He went unrecognized for over a year because he moved his victims into their beds after they were killed; no autopsies were made and the deaths were attributed to natural causes. He also took trophies from his victims that he held in a particular room of his home; about 10 percent of these trophies remained unclaimed, implying the existence of other victims. He was stabbed to death by two inmates while incarcerated in 2002.",['Spain'],1,16,16.0,1987,1988,1
Elias Xitavhudzi,South Africa,1950 to 1959,16,16,"Nicknamed Panga man for his use of a machete (locally known as a ""panga""). He stabbed and robbed his victims between 1953 and 1959; arrested, he was executed by hanging in 1960.",['South Africa'],1,16,16.0,1950,1959,9
Jimmy Maketta,South Africa,2005,16,16,Pleaded guilty to and convicted of 16 murders and 19 rapes committed over the nine-month period of April to December 2005.,['South Africa'],1,16,16.0,2005,2005,0
Jack Mogale,South Africa,2008 to 2009,16,16,"Raped and strangled women in the Donnybrook area. Convicted of 16 murders and 19 rapes, nine kidnappings, robbery and assault.",['South Africa'],1,16,16.0,2008,2009,1
Robert Lee Yates,United States,1975 to 1998,16,16,"Killed prostitutes in the ""Skid Row"" area of E. Sprague Avenue in Spokane, Washington. Sentenced to 408 years in prison and two death sentences.",['United States'],1,16,16.0,1975,1998,23
Carroll Cole,United States,1948 to 1980,16,16,"Killed 16 people in California, Nevada, Texas. Executed by lethal injection in 1985.",['United States'],1,16,16.0,1948,1980,32
Charles Ray Hatcher,United States,1969 to 1982,16,16,"A habitual criminal, confessed to the rape and murder of over 20 young and adolescent males. Escaped from prison several times and was declared a ""manipulative institutionalized sociopath"". Sentenced to life; committed suicide by hanging himself in prison in 1984.",['United States'],1,16,16.0,1969,1982,13
Yuri Ivanov,Soviet Union,1974 to 1987,16,16,"Known as the ""Ust-Kamenogorsk Maniac""; Kazakhstani rapist who killed girls and women who spoke negatively of men; executed 1987.",['Soviet Union'],1,16,16.0,1974,1987,13
Vladimir Mirgorod,Russia,2003 to 2004,16,16,"Known as ""The Strangler""; raped and strangle women in Moscow, also killing one of the victims' son; sentenced to life imprisonment.",['Russia'],1,16,16.0,2003,2004,1
Lee Choon-jae,South Korea,1986 to 1994,15,,"Also known as the Hwaseong serial murders. Most of the victims were bound, gagged, and strangled to death with their own clothes. It sparked the largest criminal case in South Korea with two million officers mobilized and over 21,000 suspects investigated. A suspect was identified in 2019, but he could not be prosecuted due to the statute of limitations. He later confessed to killing 15 people, in addition to the murder of his sister-in-law.",['South Korea'],1,15,,1986,1994,8
Dorángel Vargas,Venezuela,1997 to 1999,15,,"Homeless cannibal known as ""The People Eater"" (El Comegente) and ""The Hannibal Lecter of the Andes"". Murdered a homeless man and was institutionalized. After escaping the institution, he went on to kill ten other men and was arrested. In 2016, he and several other inmates killed three others and Vargas fed their remains to them.",['Venezuela'],1,15,,1997,1999,2
Ravinder Kumar,India,2008 to 2015,15,30+,Serial rapist who killed children of poor families.,['India'],1,15,30.0,2008,2015,7
Atlanta Ripper,United States,1911,15,21,"Unidentified serial killer(s) who killed at least 15 Atlanta women in 1911, possibly as many as 21 in total.",['United States'],1,15,21.0,1911,1911,0
Robert Hansen,United States,1980 to 1983,15,21,"Prostitutes he kidnapped were released into the Alaskan wilderness for him to hunt down like animals. Based on discovered remains, police suspect him of six murders in addition to the 15 for which he was convicted. Sentenced to 461 years plus life. Died from unspecified health problems in 2014.",['United States'],1,15,21.0,1980,1983,3
Ángel Maturino Reséndiz,"United States
Mexico",1986 to 1999,15,18,"Known as the ""Railroad Killer"" because his killings were committed near the railroad tracks he used to traverse the country. He was charged with and/or confessed to 15 murders occurring from 1986 to 1999 in Texas, Florida, Illinois, Georgia, and Kentucky. He was also suspected in a 1997 California murder case and claimed two additional killings he refused to elaborate on. Executed by lethal injection in 2006.","['United States', 'Mexico']",2,15,18.0,1986,1999,13
Chester Turner,United States,1987 to 1998,15,15+,Convicted of killing 15 people in Los Angeles in the 1980s and 1990s. Sentenced to death.,['United States'],1,15,15.0,1987,1998,11
Elifasi Msomi,South Africa,1950s to 1956,15,15,Killed his victims with an axe or a knife in the 1950s; executed by hanging in 1956.,['South Africa'],1,15,15.0,1950,1956,6
Florencio Fernández,Argentina,1950 to 1959,15,15,"Stalked his victims, then would beat and bite them while they were asleep. Died from natural causes a few years after his 1960 arrest.",['Argentina'],1,15,15.0,1950,1959,9
Bai Baoshan,China,1983 to 1997,15,15,Robber who killed 15 people while robbing several police stations; executed by gunshot in 1998.,['China'],1,15,15.0,1983,1997,14
Maurizio Minghella,Italy,1978 to 2001,15,15,"Killed five prostitutes; imprisoned and released, after which he killed 10 more; sentenced to life imprisonment.",['Italy'],1,15,15.0,1978,2001,23
Alexander Labutkin,Soviet Union,1933 to 1935,15,15,"Known as the ""One-Armed Bandit""; killed people in the forest near the Prigorodny settlement using a revolver; executed 1935.",['Soviet Union'],1,15,15.0,1933,1935,2
Luis Garavito,"Colombia
Ecuador
Venezuela",1992 to 1999,138,172–300+,"Child-murderer, torture-killer, and rapist known as ""La Bestia"" (""The Beast""). Confessed to killing 140 boys between eight and 16 years old over a seven-year period in Colombia and neighboring countries. He is suspected of murdering over 300 victims, mostly street children. Garavito was originally sentenced to 1,853 years in prison, but this was later reduced to 22 years after he led police to many of the bodies of his victims. He is scheduled to become eligible for parole in 2023.","['Colombia', 'Ecuador', 'Venezuela']",3,138,236.0,1992,1999,7
Pedro López,"Colombia
Peru
Ecuador",1969 to 1979,110,300+,"Child-murderer and rapist, known as ""The Monster of the Andes"". Targeted young girls, between the ages of eight and 12. Arrested in 1980 and convicted in 1983 of killing three young girls, but claimed to have killed hundreds. Despite being believed to be one of the most prolific serial killers of the twentieth century, he was released in the late 1990s.","['Colombia', 'Peru', 'Ecuador']",3,110,300.0,1969,1979,10
Javed Iqbal,Pakistan,1998 to 1999,100,100,"Child-murderer and rapist, known as ""Kukri"", Iqbal murdered 100 street children by strangling them and covering up his crimes by dissolving the bodies with acid. He was arrested in 1999 thanks to a letter he sent to a newspaper, and was set to be executed in the manner described by the judge who stated, ""You will be strangled to death in front of the parents whose children you killed, Your body will then be cut into 100 pieces and put in acid, the same way you killed the children."" However, he died in custody before he could be executed.",['Pakistan'],1,100,100.0,1998,1999,1
Mikhail Popkov,Russia,1992 to 2010,83,83+,"Serial rapist-killer nicknamed ""The Werewolf"", who was active for two decades in Angarsk, Irkutsk and Vladivostok. After being convicted of 22 murders in 2015, he confessed to an additional 59 murders, of which he was convicted of 56 in 2018. In July 2020, Popkov confessed to more killings, bringing the total number of admitted victims to 83. Sentenced to life.",['Russia'],1,83,83.0,1992,2010,18
Daniel Camargo Barbosa,"Colombia
Ecuador
Brazil (alleged)",1974 to 1986,72,180,"Child and woman murderer, believed to have possibly raped and killed over 150 victims, primarily targeting female children as they were more likely to be virgins. Confessed to killing 72 victims. He strangled young girls in Colombia and was arrested, but he escaped from prison and he started killing in Ecuador; rearrested in 1986, he was incarcerated in the same Ecuadorian prison as 300+ serial killer Pedro López. Camargo was killed in jail by the nephew of one of his victims.","['Colombia', 'Ecuador', 'Brazil (alleged)']",3,72,180.0,1974,1986,12
Pedro Rodrigues Filho,Brazil,1967 to 2003,71,100+,"He claimed to have killed over 100 victims, 47 of them inmates. He also killed his father and ate a piece of his heart. He killed his first two victims at the age of 14; he was first arrested in 1973. Convicted and sentenced to 128 years, but the maximum one can serve in Brazil is 30 years. Was released in 2018.",['Brazil'],1,71,100.0,1967,2003,36
Kampatimar Shankariya,India,1977 to 1978,70,70+,"Indian serial killer who used a hammer to kill over 70 men and women between 1978 and 1979. Was hanged in 1979, his last words were, ""I have murdered in vain"", he declared. ""Nobody should become like me."".",['India'],1,70,70.0,1977,1978,1
Yang Xinhai,China,2000 to 2003,67,67,"Known as the ""Monster Killer"". Would enter victims' homes at night and kill using axes, meat cleavers, hammers, and shovels. Executed by gunshot in 2004.",['China'],1,67,67.0,2000,2003,3
Samuel Little,United States,1970 to 2005,60,93,"Was convicted of killing three women, but later investigations linked 31 other murders to him. Little is now thought to be America's most prolific serial killer. He claimed he killed as many as 93 victims total, three above his initial confession of 90, the FBI later confirmed a total of 50 murders linked to Little. The investigations into his crimes are ongoing.",['United States'],1,60,93.0,1970,2005,35
Giuseppe Greco,Italy,1981 to 1983,58,80-300,"During the Second Mafia War, from 1981 to 1983 committed dozens of murders, often with his favorite weapon, an AK-47. He was eventually convicted in absentia of 58 murders, but it is believed that he committed at least 80 murders and possibly as many as 300. Murdered in his home in 1985.",['Italy'],1,58,380.0,1981,1983,2
Andrei Chikatilo,Soviet Union,1978 to 1990,53,56,"Known as ""The Butcher of Rostov"", ""The Red Ripper"" or ""The Rostov Ripper"". Convicted of the murder of 53 women and children between 1978 and 1990. One man was previously convicted and executed for his first murder. Executed by gunshot in 1994.",['Soviet Union'],1,53,56.0,1978,1990,12
Anatoly Onoprienko,"Soviet Union
Ukraine",1989 to 1996,52,52+,"Known as ""The Beast of Ukraine"", ""The Terminator"" and ""Citizen O"". Convicted of the murders of nine people in 1989 and 43 people in 1995–1996. Traveled throughout Europe illegally from 1990 to 1995; whether he killed during this time is unknown. Sentenced to death, later commuted to imprisonment for life. Died from heart failure in 2013.","['Soviet Union', 'Ukraine']",2,52,52.0,1989,1996,7
Ivan Maleshoff,Soviet Union,1934 to 1935,50,50,"Known as, ""Bluebeard of Kharkiv""; Ivan Stepanovich Maleshoff was an electrical engineer and prolific albeit little known Soviet serial killer. He is purported to have killed 20 women in Kharkiv over a period of several months in 1935 with a knife, leaving behind little clues as to his identity other than taunting letters to police. Reportedly, apprehended by authorities as he attempted to kill his next victim, completely unaware he had been tailed after seen fleeing arrest by an undercover female officer earlier in the day. Prior to his execution, he confessed to an additional 30 murders in nearby Kyiv in 1934. Was convicted and executed in 1935 by firing squad at the age of 40.",['Soviet Union'],1,50,50.0,1934,1935,1
Florisvaldo de Oliveira,Brazil,1982,50,50+,"Known as ""Cabo Bruno""; former police officer and vigilante who murdered criminals in the outskirts of São Paulo; murdered by unknown assailants in 2012.",['Brazil'],1,50,50.0,1982,1982,0
Willy Pickton,Canada,1983 to 2002,49,49,"Nicknamed ""The Butcher""; Robert Pickton was a Canadian serial killer who killed 49 women and disposed of their bodies by feeding them to his pigs. He was convicted of only 6 murders but charged for his proven 49 victims. Unfortunately, much to the anger of the victims families, the remaining 43 charges were stayed or dropped. Sentenced to life.",['Canada'],1,49,49.0,1983,2002,19
Gary Ridgway,United States,1982 to 2000,49,71–90+,"Truck painter who confessed to killing 71 women. Also known as The Green River Killer. He almost exclusively targeted sex workers from Seattle. Suspected of killing over 90 victims, confessed to 71, convicted of 49. Sentenced to life without parole.",['United States'],1,49,80.0,1982,2000,18
Alexander Pichushkin,Russia,1992 to 2006,48,60,"Known as the Chessboard Killer. Convicted of murdering 48 victims and suspected of killing 60. Claimed to have murdered 62 people, because he did not know that two of his victims had survived; stated goal of becoming Russia's most prolific serial killer. Sentenced to imprisonment for life.",['Russia'],1,48,60.0,1992,2006,14
Wang Qiang,China,1995 to 2003,45,60+,Killed 45 and raped 10 from 1995 to 2003. Executed by firing squad in 2005.,['China'],1,45,60.0,1995,2003,8
Ahmad Suradji,Indonesia,1986 to 1997,42,70–80+,Convicted of strangling at least 42 women and girls in a series of ritual slayings he believed would give him magical powers. Executed by firing squad in 2008.,['Indonesia'],1,42,75.0,1986,1997,11
Raman Raghav,India,1965 to 1968,41,41,"In the late 1960s Raman Raghav went on a violent rampage in Mumbai, India. He bludgeoned 41 people to death inside their huts while they slept. Died of kidney failure in 1995.",['India'],1,41,41.0,1965,1968,3
Tiago Henrique Gomes da Rocha,Brazil,2011 to 2014,39,~39,Brazilian security guard who confessed to the murders of 39 people. Attempted suicide in prison. Sentenced to 25 years.,['Brazil'],1,39,39.0,2011,2014,3
Moses Sithole,South Africa,1994 to 1995,38,76,"Known as South Africa's Ted Bundy. Preyed on unemployed women, posing as a businessman and luring his victims with the prospects of a job, before leading them to an isolated place, where he raped, tortured, and murdered them. Sentenced to 2410 years imprisonment with a non-parole period of 930 years.",['South Africa'],1,38,76.0,1994,1995,1
Serhiy Tkach,"Soviet Union
Ukraine",1984 to 2005,36,80–100,"A former Ukrainian police criminal investigator, suffocated girls aged between eight and 18 and performed sexual acts on their bodies after they were dead. Claims to have killed 100. Sentenced to imprisonment for life. Died from heart failure in 2018.","['Soviet Union', 'Ukraine']",2,36,90.0,1984,2005,21
Gennady Mikhasevich,Soviet Union,1971 to 1985,36,43–55+,"Strangled women. Besides killing, he also robbed his victims of money and valuable items (that he would sometimes give to his wife as a gift). Executed by firing squad in 1987.",['Soviet Union'],1,36,49.0,1971,1985,14
Hadj Mohammed Mesfewi,Morocco,1906 and earlier,36,36+,"Known as ""Marrakesh Arch-Killer""; drugged, mutilated and murdered women; executed by immurement (walling) 1906.",['Morocco'],1,36,36.0,Unknown,1906,Unknown
Vera Renczi,"Kingdom of Romania
Yugoslavia
Hungary (alleged)",1920 to 1930,35,~35,"Romanian serial killer nicknamed, ""The Black Widow"" convicted of killing 35 men through arsenic poisoning but confessed to only killing 32 victims. Renczi is one of the world's most prolific female serial killers. However, there is very little information about Renczi and her crimes because personal information (criminal history, academic records, etc.) were not cataloged as well as they are today, making some criminologists believe she was a figure of Romanian folklore rather than an actual person.","['Kingdom of Romania', 'Yugoslavia', 'Hungary (alleged)']",3,35,35.0,1920,1930,10
Ted Bundy,United States,1974 to 1978,35,36–100+,"American serial killer known for his charisma and good looks. Bundy officially confessed to 30 homicides, but had confessed to killing 35–36 women in the past, and some estimates run upwards of 100 or more. Infamous for escaping from prison twice and murdering multiple victims in one day; sometimes abducting women from the same location within hours of one another. He was executed by electric chair in 1989.",['United States'],1,35,68.0,1974,1978,4
Clementine Barnabet,United States,1911,35,35,An axe murdering voodoo priestess who murdered African-American families at nighttime. Was released in 1923.,['United States'],1,35,35.0,1911,1911,0
John Wayne Gacy,United States,1972 to 1978,33,34+,"Known to have murdered a minimum of 33 teenage boys and young men between 1972 and 1978, 26 of whom he buried in the crawl space of his Chicago home. Gacy was known as the ""Killer Clown"" due to the fact he often entertained children at social events dressed in a self devised clown costume. Executed by lethal injection in 1994.",['United States'],1,33,34.0,1972,1978,6
Ali Asghar Borujerdi,"Ottoman Empire
 Iraq
 Iran",1907 to 1934,33,33,"Known as ""Asghar the Murderer"". Killed 33 young adults in Iraq and Iran. Executed by hanging in 1934.","['Ottoman Empire', ' Iraq', ' Iran']",3,33,33.0,1907,1934,27
Vasili Komaroff,Soviet Union,1921 to 1923,33,33,"Known as ""The Wolf of Moscow""; horse trader who killed 33 men. Executed by firing squad in 1923.",['Soviet Union'],1,33,33.0,1921,1923,2
Fernando Hernández Leyva,Mexico,1982 to 1999,33,100+,"Confessed to 100 murders and six kidnappings at the time of his arrest in 1999 (he had been arrested previously in 1982 and 1986, the second time for murder, but escaped from prison), but later retracted and claimed that he had been beaten by the police and his family threatened in order to force him to confess. Accused of as many as 137 murders in five southern Mexican states, convicted of 33 murders and sentenced 50 years in prison. Tried unsuccessfully to kill himself in prison. If his claim of 100+ victims were true then Leyva would be Mexico's most prolific documented serial killer.",['Mexico'],1,33,100.0,1982,1999,17
Ramadan Abdel Rehim Mansour,Egypt,1999 to 2006,32,32+,"Gang leader known as al-Tourbini (""The Express Train""). Raped and tortured homeless children, mostly boys aged 10 to 14 years old, aboard the trains between Cairo, Alexandria, Qalyubia and Beni Sueif. The victims were usually thrown off the moving train when they were dead or in agony; other times they were thrown into the Nile or buried alive. Executed in 2010.",['Egypt'],1,32,32.0,1999,2006,7
Radik Tagirov,Russia,2011 to 2012,32,32,"Serial killer called Radik Tagirov who murdered elderly women in several Russian regions; Kazakhstani native Pavel Shayakhmetov, found guilty of killing two elderly women in Samara, was arrested on suspicion of committing these murders [46]",['Russia'],1,32,32.0,2011,2012,1
